cycle,query,FILE
SZ__abs:0.01,halos_hist_499_FoFHaloMass_SZ__abs:0.01.png,halos_hist_norm_499_FoFHaloMass_SZ__abs:0.01.png
SZ__abs:0.001,halos_hist_499_FoFHaloMass_SZ__abs:0.001.png,halos_hist_norm_499_FoFHaloMass_SZ__abs:0.001.png
SZ__abs:0.002,halos_hist_499_FoFHaloMass_SZ__abs:0.002.png,halos_hist_norm_499_FoFHaloMass_SZ__abs:0.002.png
SZ__abs:0.003,halos_hist_499_FoFHaloMass_SZ__abs:0.003.png,halos_hist_norm_499_FoFHaloMass_SZ__abs:0.003.png
SZ__abs:0.004,halos_hist_499_FoFHaloMass_SZ__abs:0.004.png,halos_hist_norm_499_FoFHaloMass_SZ__abs:0.004.png
SZ__abs:0.005,halos_hist_499_FoFHaloMass_SZ__abs:0.005.png,halos_hist_norm_499_FoFHaloMass_SZ__abs:0.005.png
zfp__tolerance:0.01,halos_hist_499_FoFHaloMass_zfp__tolerance:0.01.png,halos_hist_norm_499_FoFHaloMass_zfp__tolerance:0.01.png
zfp__tolerance:0.001,halos_hist_499_FoFHaloMass_zfp__tolerance:0.001.png,halos_hist_norm_499_FoFHaloMass_zfp__tolerance:0.001.png
zfp__tolerance:0.002,halos_hist_499_FoFHaloMass_zfp__tolerance:0.002.png,halos_hist_norm_499_FoFHaloMass_zfp__tolerance:0.002.png
zfp__tolerance:0.003,halos_hist_499_FoFHaloMass_zfp__tolerance:0.003.png,halos_hist_norm_499_FoFHaloMass_zfp__tolerance:0.003.png
zfp__tolerance:0.004,halos_hist_499_FoFHaloMass_zfp__tolerance:0.004.png,halos_hist_norm_499_FoFHaloMass_zfp__tolerance:0.004.png
zfp__tolerance:0.005,halos_hist_499_FoFHaloMass_zfp__tolerance:0.005.png,halos_hist_norm_499_FoFHaloMass_zfp__tolerance:0.005.png
BigCrunch__tolerance:0.001,halos_hist_499_FoFHaloMass_BigCrunch__tolerance:0.001.png,halos_hist_norm_499_FoFHaloMass_BigCrunch__tolerance:0.001.png
BigCrunch__tolerance:0.001,halos_hist_499_FoFHaloMass_BigCrunch__tolerance:0.001.png,halos_hist_norm_499_FoFHaloMass_BigCrunch__tolerance:0.001.png
BigCrunch__tolerance:0.0001,halos_hist_499_FoFHaloMass_BigCrunch__tolerance:0.0001.png,halos_hist_norm_499_FoFHaloMass_BigCrunch__tolerance:0.0001.png
BigCrunch__tolerance:1e-05,halos_hist_499_FoFHaloMass_BigCrunch__tolerance:1e-05.png,halos_hist_norm_499_FoFHaloMass_BigCrunch__tolerance:1e-05.png
BigCrunch__tolerance:1e-06,halos_hist_499_FoFHaloMass_BigCrunch__tolerance:1e-06.png,halos_hist_norm_499_FoFHaloMass_BigCrunch__tolerance:1e-06.png
BigCrunch__tolerance:1e-07,halos_hist_499_FoFHaloMass_BigCrunch__tolerance:1e-07.png,halos_hist_norm_499_FoFHaloMass_BigCrunch__tolerance:1e-07.png
SZ__tolerance:0.001,halos_hist_499_FoFHaloMass_SZ__tolerance:0.001.png,halos_hist_norm_499_FoFHaloMass_SZ__tolerance:0.001.png
SZ__tolerance:0.001,halos_hist_499_FoFHaloMass_SZ__tolerance:0.001.png,halos_hist_norm_499_FoFHaloMass_SZ__tolerance:0.001.png
SZ__tolerance:0.0001,halos_hist_499_FoFHaloMass_SZ__tolerance:0.0001.png,halos_hist_norm_499_FoFHaloMass_SZ__tolerance:0.0001.png
SZ__tolerance:1e-05,halos_hist_499_FoFHaloMass_SZ__tolerance:1e-05.png,halos_hist_norm_499_FoFHaloMass_SZ__tolerance:1e-05.png
SZ__tolerance:1e-06,halos_hist_499_FoFHaloMass_SZ__tolerance:1e-06.png,halos_hist_norm_499_FoFHaloMass_SZ__tolerance:1e-06.png
SZ__tolerance:1e-07,halos_hist_499_FoFHaloMass_SZ__tolerance:1e-07.png,halos_hist_norm_499_FoFHaloMass_SZ__tolerance:1e-07.png
BLOSC__,halos_hist_499_FoFHaloMass_BLOSC__.png,halos_hist_norm_499_FoFHaloMass_BLOSC__.png
BLOSC__,halos_hist_499_FoFHaloMass_BLOSC__.png,halos_hist_norm_499_FoFHaloMass_BLOSC__.png,halos_hist_diff_499_FoFHaloMass_BLOSC__.png
SZ__abs:0.01,halos_hist_499_FoFHaloMass_SZ__abs:0.01.png,halos_hist_norm_499_FoFHaloMass_SZ__abs:0.01.png,halos_hist_diff_499_FoFHaloMass_SZ__abs:0.01.png
SZ__abs:0.001,halos_hist_499_FoFHaloMass_SZ__abs:0.001.png,halos_hist_norm_499_FoFHaloMass_SZ__abs:0.001.png,halos_hist_diff_499_FoFHaloMass_SZ__abs:0.001.png
SZ__abs:0.002,halos_hist_499_FoFHaloMass_SZ__abs:0.002.png,halos_hist_norm_499_FoFHaloMass_SZ__abs:0.002.png,halos_hist_diff_499_FoFHaloMass_SZ__abs:0.002.png
BLOSC__,halos_hist_499_FoFHaloMass_BLOSC__.png,halos_hist_norm_499_FoFHaloMass_BLOSC__.png,halos_hist_diff_499_FoFHaloMass_BLOSC__.png
BLOSC__,halos_hist_499_FoFHaloMass_BLOSC__.png,halos_hist_norm_499_FoFHaloMass_BLOSC__.png,halos_hist_diff_499_FoFHaloMass_BLOSC__.png
SZ__abs:0.01,halos_hist_499_FoFHaloMass_SZ__abs:0.01.png,halos_hist_norm_499_FoFHaloMass_SZ__abs:0.01.png,halos_hist_diff_499_FoFHaloMass_SZ__abs:0.01.png
SZ__abs:0.001,halos_hist_499_FoFHaloMass_SZ__abs:0.001.png,halos_hist_norm_499_FoFHaloMass_SZ__abs:0.001.png,halos_hist_diff_499_FoFHaloMass_SZ__abs:0.001.png
SZ__abs:0.002,halos_hist_499_FoFHaloMass_SZ__abs:0.002.png,halos_hist_norm_499_FoFHaloMass_SZ__abs:0.002.png,halos_hist_diff_499_FoFHaloMass_SZ__abs:0.002.png
SZ__abs:0.003,halos_hist_499_FoFHaloMass_SZ__abs:0.003.png,halos_hist_norm_499_FoFHaloMass_SZ__abs:0.003.png,halos_hist_diff_499_FoFHaloMass_SZ__abs:0.003.png
BLOSC__,halos_hist_499_FoFHaloMass_BLOSC__.png,halos_hist_norm_499_FoFHaloMass_BLOSC__.png,halos_hist_diff_499_FoFHaloMass_BLOSC__.png
SZ__abs:0.01,halos_hist_499_FoFHaloMass_SZ__abs:0.01.png,halos_hist_norm_499_FoFHaloMass_SZ__abs:0.01.png,halos_hist_diff_499_FoFHaloMass_SZ__abs:0.01.png
SZ__abs:0.001,halos_hist_499_FoFHaloMass_SZ__abs:0.001.png,halos_hist_norm_499_FoFHaloMass_SZ__abs:0.001.png,halos_hist_diff_499_FoFHaloMass_SZ__abs:0.001.png
SZ__abs:0.002,halos_hist_499_FoFHaloMass_SZ__abs:0.002.png,halos_hist_norm_499_FoFHaloMass_SZ__abs:0.002.png,halos_hist_diff_499_FoFHaloMass_SZ__abs:0.002.png
SZ__abs:0.003,halos_hist_499_FoFHaloMass_SZ__abs:0.003.png,halos_hist_norm_499_FoFHaloMass_SZ__abs:0.003.png,halos_hist_diff_499_FoFHaloMass_SZ__abs:0.003.png
SZ__abs:0.004,halos_hist_499_FoFHaloMass_SZ__abs:0.004.png,halos_hist_norm_499_FoFHaloMass_SZ__abs:0.004.png,halos_hist_diff_499_FoFHaloMass_SZ__abs:0.004.png
SZ__abs:0.005,halos_hist_499_FoFHaloMass_SZ__abs:0.005.png,halos_hist_norm_499_FoFHaloMass_SZ__abs:0.005.png,halos_hist_diff_499_FoFHaloMass_SZ__abs:0.005.png
zfp__tolerance:0.01,halos_hist_499_FoFHaloMass_zfp__tolerance:0.01.png,halos_hist_norm_499_FoFHaloMass_zfp__tolerance:0.01.png,halos_hist_diff_499_FoFHaloMass_zfp__tolerance:0.01.png
zfp__tolerance:0.001,halos_hist_499_FoFHaloMass_zfp__tolerance:0.001.png,halos_hist_norm_499_FoFHaloMass_zfp__tolerance:0.001.png,halos_hist_diff_499_FoFHaloMass_zfp__tolerance:0.001.png
zfp__tolerance:0.002,halos_hist_499_FoFHaloMass_zfp__tolerance:0.002.png,halos_hist_norm_499_FoFHaloMass_zfp__tolerance:0.002.png,halos_hist_diff_499_FoFHaloMass_zfp__tolerance:0.002.png
zfp__tolerance:0.003,halos_hist_499_FoFHaloMass_zfp__tolerance:0.003.png,halos_hist_norm_499_FoFHaloMass_zfp__tolerance:0.003.png,halos_hist_diff_499_FoFHaloMass_zfp__tolerance:0.003.png
zfp__tolerance:0.004,halos_hist_499_FoFHaloMass_zfp__tolerance:0.004.png,halos_hist_norm_499_FoFHaloMass_zfp__tolerance:0.004.png,halos_hist_diff_499_FoFHaloMass_zfp__tolerance:0.004.png
zfp__tolerance:0.005,halos_hist_499_FoFHaloMass_zfp__tolerance:0.005.png,halos_hist_norm_499_FoFHaloMass_zfp__tolerance:0.005.png,halos_hist_diff_499_FoFHaloMass_zfp__tolerance:0.005.png
BigCrunch__tolerance:0.001,halos_hist_499_FoFHaloMass_BigCrunch__tolerance:0.001.png,halos_hist_norm_499_FoFHaloMass_BigCrunch__tolerance:0.001.png,halos_hist_diff_499_FoFHaloMass_BigCrunch__tolerance:0.001.png
BigCrunch__tolerance:0.001,halos_hist_499_FoFHaloMass_BigCrunch__tolerance:0.001.png,halos_hist_norm_499_FoFHaloMass_BigCrunch__tolerance:0.001.png,halos_hist_diff_499_FoFHaloMass_BigCrunch__tolerance:0.001.png
BigCrunch__tolerance:0.0001,halos_hist_499_FoFHaloMass_BigCrunch__tolerance:0.0001.png,halos_hist_norm_499_FoFHaloMass_BigCrunch__tolerance:0.0001.png,halos_hist_diff_499_FoFHaloMass_BigCrunch__tolerance:0.0001.png
BigCrunch__tolerance:1e-05,halos_hist_499_FoFHaloMass_BigCrunch__tolerance:1e-05.png,halos_hist_norm_499_FoFHaloMass_BigCrunch__tolerance:1e-05.png,halos_hist_diff_499_FoFHaloMass_BigCrunch__tolerance:1e-05.png
BigCrunch__tolerance:1e-06,halos_hist_499_FoFHaloMass_BigCrunch__tolerance:1e-06.png,halos_hist_norm_499_FoFHaloMass_BigCrunch__tolerance:1e-06.png,halos_hist_diff_499_FoFHaloMass_BigCrunch__tolerance:1e-06.png
BigCrunch__tolerance:1e-07,halos_hist_499_FoFHaloMass_BigCrunch__tolerance:1e-07.png,halos_hist_norm_499_FoFHaloMass_BigCrunch__tolerance:1e-07.png,halos_hist_diff_499_FoFHaloMass_BigCrunch__tolerance:1e-07.png
BLOSC__,halos_hist_499_FoFHaloMass_BLOSC__.png,halos_hist_norm_499_FoFHaloMass_BLOSC__.png,halos_hist_diff_499_FoFHaloMass_BLOSC__.png
SZ__abs:0.01,halos_hist_499_FoFHaloMass_SZ__abs:0.01.png,halos_hist_norm_499_FoFHaloMass_SZ__abs:0.01.png,halos_hist_diff_499_FoFHaloMass_SZ__abs:0.01.png
SZ__abs:0.001,halos_hist_499_FoFHaloMass_SZ__abs:0.001.png,halos_hist_norm_499_FoFHaloMass_SZ__abs:0.001.png,halos_hist_diff_499_FoFHaloMass_SZ__abs:0.001.png
SZ__abs:0.002,halos_hist_499_FoFHaloMass_SZ__abs:0.002.png,halos_hist_norm_499_FoFHaloMass_SZ__abs:0.002.png,halos_hist_diff_499_FoFHaloMass_SZ__abs:0.002.png
SZ__abs:0.003,halos_hist_499_FoFHaloMass_SZ__abs:0.003.png,halos_hist_norm_499_FoFHaloMass_SZ__abs:0.003.png,halos_hist_diff_499_FoFHaloMass_SZ__abs:0.003.png
SZ__abs:0.004,halos_hist_499_FoFHaloMass_SZ__abs:0.004.png,halos_hist_norm_499_FoFHaloMass_SZ__abs:0.004.png,halos_hist_diff_499_FoFHaloMass_SZ__abs:0.004.png
SZ__abs:0.005,halos_hist_499_FoFHaloMass_SZ__abs:0.005.png,halos_hist_norm_499_FoFHaloMass_SZ__abs:0.005.png,halos_hist_diff_499_FoFHaloMass_SZ__abs:0.005.png
zfp__tolerance:0.01,halos_hist_499_FoFHaloMass_zfp__tolerance:0.01.png,halos_hist_norm_499_FoFHaloMass_zfp__tolerance:0.01.png,halos_hist_diff_499_FoFHaloMass_zfp__tolerance:0.01.png
zfp__tolerance:0.001,halos_hist_499_FoFHaloMass_zfp__tolerance:0.001.png,halos_hist_norm_499_FoFHaloMass_zfp__tolerance:0.001.png,halos_hist_diff_499_FoFHaloMass_zfp__tolerance:0.001.png
zfp__tolerance:0.002,halos_hist_499_FoFHaloMass_zfp__tolerance:0.002.png,halos_hist_norm_499_FoFHaloMass_zfp__tolerance:0.002.png,halos_hist_diff_499_FoFHaloMass_zfp__tolerance:0.002.png
zfp__tolerance:0.003,halos_hist_499_FoFHaloMass_zfp__tolerance:0.003.png,halos_hist_norm_499_FoFHaloMass_zfp__tolerance:0.003.png,halos_hist_diff_499_FoFHaloMass_zfp__tolerance:0.003.png
zfp__tolerance:0.004,halos_hist_499_FoFHaloMass_zfp__tolerance:0.004.png,halos_hist_norm_499_FoFHaloMass_zfp__tolerance:0.004.png,halos_hist_diff_499_FoFHaloMass_zfp__tolerance:0.004.png
zfp__tolerance:0.005,halos_hist_499_FoFHaloMass_zfp__tolerance:0.005.png,halos_hist_norm_499_FoFHaloMass_zfp__tolerance:0.005.png,halos_hist_diff_499_FoFHaloMass_zfp__tolerance:0.005.png
BigCrunch__tolerance:0.001,halos_hist_499_FoFHaloMass_BigCrunch__tolerance:0.001.png,halos_hist_norm_499_FoFHaloMass_BigCrunch__tolerance:0.001.png,halos_hist_diff_499_FoFHaloMass_BigCrunch__tolerance:0.001.png
BigCrunch__tolerance:0.001,halos_hist_499_FoFHaloMass_BigCrunch__tolerance:0.001.png,halos_hist_norm_499_FoFHaloMass_BigCrunch__tolerance:0.001.png,halos_hist_diff_499_FoFHaloMass_BigCrunch__tolerance:0.001.png
BigCrunch__tolerance:0.0001,halos_hist_499_FoFHaloMass_BigCrunch__tolerance:0.0001.png,halos_hist_norm_499_FoFHaloMass_BigCrunch__tolerance:0.0001.png,halos_hist_diff_499_FoFHaloMass_BigCrunch__tolerance:0.0001.png
BigCrunch__tolerance:1e-05,halos_hist_499_FoFHaloMass_BigCrunch__tolerance:1e-05.png,halos_hist_norm_499_FoFHaloMass_BigCrunch__tolerance:1e-05.png,halos_hist_diff_499_FoFHaloMass_BigCrunch__tolerance:1e-05.png
BigCrunch__tolerance:1e-06,halos_hist_499_FoFHaloMass_BigCrunch__tolerance:1e-06.png,halos_hist_norm_499_FoFHaloMass_BigCrunch__tolerance:1e-06.png,halos_hist_diff_499_FoFHaloMass_BigCrunch__tolerance:1e-06.png
BigCrunch__tolerance:1e-07,halos_hist_499_FoFHaloMass_BigCrunch__tolerance:1e-07.png,halos_hist_norm_499_FoFHaloMass_BigCrunch__tolerance:1e-07.png,halos_hist_diff_499_FoFHaloMass_BigCrunch__tolerance:1e-07.png
SZ__tolerance:0.001,halos_hist_499_FoFHaloMass_SZ__tolerance:0.001.png,halos_hist_norm_499_FoFHaloMass_SZ__tolerance:0.001.png,halos_hist_diff_499_FoFHaloMass_SZ__tolerance:0.001.png
SZ__tolerance:0.001,halos_hist_499_FoFHaloMass_SZ__tolerance:0.001.png,halos_hist_norm_499_FoFHaloMass_SZ__tolerance:0.001.png,halos_hist_diff_499_FoFHaloMass_SZ__tolerance:0.001.png
SZ__tolerance:0.0001,halos_hist_499_FoFHaloMass_SZ__tolerance:0.0001.png,halos_hist_norm_499_FoFHaloMass_SZ__tolerance:0.0001.png,halos_hist_diff_499_FoFHaloMass_SZ__tolerance:0.0001.png
SZ__tolerance:1e-05,halos_hist_499_FoFHaloMass_SZ__tolerance:1e-05.png,halos_hist_norm_499_FoFHaloMass_SZ__tolerance:1e-05.png,halos_hist_diff_499_FoFHaloMass_SZ__tolerance:1e-05.png
SZ__tolerance:1e-06,halos_hist_499_FoFHaloMass_SZ__tolerance:1e-06.png,halos_hist_norm_499_FoFHaloMass_SZ__tolerance:1e-06.png,halos_hist_diff_499_FoFHaloMass_SZ__tolerance:1e-06.png
SZ__tolerance:1e-07,halos_hist_499_FoFHaloMass_SZ__tolerance:1e-07.png,halos_hist_norm_499_FoFHaloMass_SZ__tolerance:1e-07.png,halos_hist_diff_499_FoFHaloMass_SZ__tolerance:1e-07.png
